id,cuisine
18009,irish
28583,southern_us
41580,french
29752,cajun_creole
35687,italian
38527,southern_us
19666,spanish
41217,chinese
28753,mexican
22659,irish
21749,italian
44967,greek
42969,indian
44883,italian
20827,british
23196,french
35387,southern_us
33780,southern_us
19001,cajun_creole
16526,southern_us
42455,japanese
47453,chinese
42478,french
11885,korean
16585,italian
29639,russian
26245,thai
38516,korean
47520,italian
26212,southern_us
23696,mexican
14926,thai
13292,russian
27346,japanese
1384,chinese
15959,mexican
42297,russian
46235,indian
21181,indian
9809,cajun_creole
22982,cajun_creole
23120,chinese
26743,french
12741,mexican
7050,italian
22437,italian
14760,spanish
10649,filipino
48065,vietnamese
39931,korean
32935,italian
40142,thai
19103,indian
38267,italian
30512,italian
3324,chinese
26197,italian
384,japanese
47230,chinese
39748,mexican
41038,french
24878,southern_us
42624,filipino
45706,korean
8874,mexican
23878,french
47234,mexican
24075,thai
46323,italian
22562,italian
11358,french
9201,indian
38620,jamaican
47638,italian
21238,indian
11053,japanese
46602,indian
13937,mexican
21876,southern_us
20798,southern_us
24381,chinese
48178,spanish
45832,greek
27560,chinese
23247,british
28975,french
43230,greek
9126,italian
13021,cajun_creole
28194,indian
25617,mexican
36125,italian
16454,mexican
1607,chinese
38526,moroccan
18755,mexican
12035,southern_us
16047,greek
15419,italian
16971,indian
31459,greek
27888,british
13900,moroccan
12376,thai
1658,korean
29431,mexican
22290,italian
28464,italian
37953,korean
20814,southern_us
35987,mexican
2329,italian
43237,mexican
30647,southern_us
16675,italian
37722,indian
32438,chinese
20287,filipino
43296,indian
6237,jamaican
48560,chinese
20810,mexican
34951,italian
31850,filipino
47745,southern_us
37815,chinese
9872,italian
5592,italian
27411,vietnamese
39320,greek
40247,greek
19792,thai
40754,spanish
14365,mexican
14468,spanish
47563,italian
19611,italian
7163,mexican
43069,irish
27505,chinese
36500,korean
25932,southern_us
817,italian
8471,mexican
48250,southern_us
9413,cajun_creole
12097,cajun_creole
8416,cajun_creole
5892,italian
676,southern_us
47015,korean
21891,british
14630,italian
36195,italian
25981,mexican
39964,brazilian
28298,indian
31954,spanish
26620,mexican
14932,southern_us
47426,italian
1038,italian
8077,spanish
37141,southern_us
45447,spanish
9624,mexican
45589,british
7265,russian
31844,southern_us
13046,italian
9867,southern_us
29184,moroccan
34783,italian
2823,vietnamese
18932,mexican
11112,mexican
12859,thai
9365,italian
44516,spanish
18193,irish
46545,chinese
9900,italian
14815,indian
39690,italian
22193,southern_us
11739,indian
27311,chinese
36920,indian
7861,chinese
29248,moroccan
43142,mexican
7574,indian
8610,mexican
989,italian
46926,mexican
40816,mexican
39726,chinese
42229,cajun_creole
10474,italian
22140,mexican
31985,indian
46165,japanese
20860,italian
42494,italian
15968,southern_us
20484,vietnamese
26661,indian
47182,mexican
22528,southern_us
3861,chinese
1203,french
45040,spanish
33287,indian
10097,chinese
42005,southern_us
12423,italian
39613,filipino
30276,brazilian
18686,mexican
3031,mexican
40093,italian
182,italian
46591,mexican
4092,chinese
13722,mexican
44575,southern_us
14989,french
13270,italian
25529,italian
12140,indian
23127,mexican
13523,italian
41270,italian
8362,russian
11735,southern_us
27935,italian
28198,mexican
37765,indian
33856,russian
30198,italian
42521,italian
21567,southern_us
36995,japanese
24967,thai
45002,italian
48925,italian
36914,mexican
2280,southern_us
14729,southern_us
4594,italian
2237,italian
45631,moroccan
2317,chinese
23079,brazilian
29333,chinese
48066,italian
15737,southern_us
30580,jamaican
1119,italian
46336,indian
5026,italian
10749,southern_us
31020,mexican
30805,greek
27653,japanese
35060,mexican
39174,indian
49509,italian
31784,french
31408,french
36029,mexican
11045,cajun_creole
6561,southern_us
26992,british
31179,southern_us
35099,mexican
11018,chinese
17930,mexican
21302,italian
46352,thai
25132,mexican
7010,indian
25850,british
19601,mexican
7935,italian
34994,filipino
25113,italian
45523,french
34977,italian
7124,southern_us
27514,british
27178,mexican
47880,chinese
29197,spanish
16347,irish
20333,mexican
29112,chinese
7510,russian
13897,mexican
35699,indian
20520,mexican
38920,mexican
21775,indian
37475,japanese
40131,cajun_creole
1939,mexican
48268,spanish
34815,greek
13797,italian
39063,chinese
29064,chinese
26896,italian
29477,italian
3352,british
4966,mexican
7316,italian
23879,mexican
16525,italian
32843,chinese
39574,jamaican
32737,mexican
44788,filipino
28772,greek
34189,mexican
33719,spanish
25846,indian
1423,indian
4328,vietnamese
579,southern_us
5219,indian
2314,cajun_creole
31143,italian
13409,korean
3281,greek
15804,vietnamese
40835,southern_us
39262,japanese
37013,indian
14807,jamaican
47956,moroccan
2580,mexican
13720,brazilian
23008,japanese
5951,indian
39312,mexican
6176,southern_us
17617,korean
57,mexican
43422,indian
49403,spanish
44751,mexican
21865,mexican
26584,southern_us
39355,korean
14038,southern_us
45396,filipino
49715,mexican
41515,thai
30445,spanish
4090,mexican
17207,thai
40376,irish
19398,mexican
22347,vietnamese
49671,mexican
40854,vietnamese
926,korean
47919,filipino
20571,italian
18866,british
48742,mexican
14577,spanish
29481,italian
40996,italian
34470,jamaican
31147,mexican
35932,mexican
27221,italian
48301,italian
29925,japanese
48640,thai
22873,brazilian
10565,brazilian
15509,italian
37569,southern_us
13306,korean
40474,greek
15182,italian
8609,chinese
32168,korean
1125,mexican
25244,italian
46889,chinese
13841,vietnamese
47135,moroccan
29036,indian
43533,chinese
41631,spanish
22124,french
18836,southern_us
35695,french
5141,indian
41894,moroccan
4972,italian
34195,vietnamese
14183,irish
15188,indian
8734,italian
30946,british
5588,southern_us
49554,british
1270,indian
1259,vietnamese
45986,greek
22351,southern_us
300,mexican
9278,southern_us
10021,irish
17014,vietnamese
40855,italian
18362,japanese
16292,chinese
29924,southern_us
47174,southern_us
4856,italian
15417,french
19875,indian
42228,moroccan
36264,mexican
14571,italian
23496,thai
43879,mexican
23431,indian
5499,french
247,mexican
48795,indian
47113,italian
489,mexican
13036,korean
4838,italian
40630,indian
17576,french
29972,japanese
8123,indian
35918,mexican
42669,southern_us
24632,brazilian
35740,mexican
45670,italian
28041,filipino
46688,korean
10309,thai
15367,southern_us
30562,southern_us
47151,moroccan
47300,vietnamese
31200,mexican
5749,southern_us
41807,italian
13990,mexican
23572,greek
872,french
38085,vietnamese
5248,russian
26309,southern_us
26880,mexican
41559,mexican
8059,southern_us
26041,thai
30019,indian
7207,indian
30309,french
2092,mexican
8023,japanese
4016,british
24631,italian
35068,southern_us
8523,mexican
28463,french
8629,italian
43829,cajun_creole
22129,spanish
34505,chinese
38200,chinese
36513,chinese
32187,southern_us
7788,southern_us
31130,indian
40483,british
2224,mexican
14143,russian
22889,mexican
17406,chinese
10451,thai
19844,italian
23416,french
33874,french
39951,italian
41361,mexican
44659,moroccan
8836,french
21709,indian
22993,thai
39191,southern_us
17182,mexican
20507,korean
42397,italian
18897,french
3797,thai
11041,brazilian
807,korean
3514,italian
12936,korean
15050,british
43377,cajun_creole
10471,filipino
30721,mexican
14333,indian
6260,chinese
7712,southern_us
19048,southern_us
21455,mexican
18575,cajun_creole
47647,irish
35947,mexican
14499,italian
43525,british
5723,italian
48497,italian
43822,cajun_creole
525,russian
30594,mexican
47948,french
2099,indian
43863,mexican
24711,thai
15230,indian
21680,indian
36218,mexican
41622,chinese
34809,italian
5110,french
27214,french
34803,mexican
36822,indian
6912,vietnamese
20373,french
29157,italian
6327,mexican
35502,southern_us
8305,italian
35598,french
48538,indian
49358,indian
44506,mexican
39146,japanese
29270,southern_us
20560,mexican
24169,southern_us
41537,french
10431,french
31517,jamaican
34049,chinese
26964,korean
49655,italian
9101,italian
30377,italian
7046,indian
47969,mexican
18971,southern_us
38891,cajun_creole
29506,vietnamese
40305,cajun_creole
21255,southern_us
15578,mexican
24894,southern_us
32089,chinese
46097,filipino
40982,italian
12543,jamaican
38366,southern_us
32925,italian
17506,japanese
48389,southern_us
41804,korean
9961,chinese
24939,indian
39599,french
45838,mexican
48875,indian
25531,chinese
3009,cajun_creole
31965,italian
16901,italian
13370,italian
2954,southern_us
40353,italian
8207,jamaican
10933,vietnamese
38206,chinese
14110,moroccan
19128,italian
32616,indian
27748,mexican
31858,greek
20510,italian
17602,vietnamese
35665,japanese
46589,indian
8178,mexican
34880,italian
42527,mexican
29682,filipino
32166,thai
30343,irish
15385,french
18372,chinese
29211,mexican
23269,chinese
4561,mexican
27365,brazilian
49032,japanese
22064,greek
12060,russian
47834,southern_us
25815,southern_us
34036,italian
19326,brazilian
44078,thai
31090,italian
17485,italian
708,indian
5350,filipino
29754,japanese
18309,italian
46871,italian
27300,southern_us
41890,mexican
49548,greek
11392,french
1354,brazilian
48819,southern_us
19097,brazilian
42113,greek
24060,vietnamese
25849,mexican
4543,french
25306,irish
41966,italian
48719,indian
48191,thai
8826,southern_us
42703,mexican
16083,greek
26613,mexican
28088,filipino
39965,southern_us
36239,french
4322,moroccan
9951,mexican
3045,mexican
28585,greek
39841,irish
25913,french
39715,vietnamese
23135,spanish
47022,indian
24160,russian
18619,italian
12574,korean
22681,indian
33692,cajun_creole
538,mexican
22118,chinese
21890,french
36340,italian
27973,southern_us
12870,mexican
22564,filipino
35063,thai
7000,french
11318,moroccan
47001,french
11395,korean
23507,italian
47242,italian
48957,mexican
17721,italian
25138,french
47438,moroccan
47162,southern_us
42459,greek
6486,indian
24116,indian
31596,chinese
38887,chinese
10665,jamaican
13712,filipino
2633,russian
35784,russian
45204,french
46722,southern_us
34949,french
35321,chinese
46430,southern_us
34431,italian
30890,cajun_creole
42132,filipino
15702,vietnamese
47719,southern_us
45160,greek
20600,italian
10800,italian
30479,greek
9457,cajun_creole
26571,filipino
42942,italian
36635,mexican
43617,chinese
16911,mexican
122,mexican
22340,mexican
37007,italian
23595,italian
25233,french
5503,korean
47338,japanese
44695,vietnamese
7141,southern_us
14564,italian
19655,british
35326,indian
35922,mexican
28171,italian
1322,filipino
14923,southern_us
42344,greek
16380,mexican
15233,indian
8338,chinese
41014,southern_us
30440,mexican
23043,chinese
20788,southern_us
14375,southern_us
1184,filipino
34280,greek
46171,cajun_creole
31834,korean
14759,spanish
15855,thai
6662,italian
15056,italian
34873,korean
20089,russian
20015,mexican
18402,italian
6418,french
1454,chinese
14070,korean
26424,chinese
27349,indian
26459,korean
13151,italian
12264,italian
18366,italian
46851,southern_us
18954,italian
39858,chinese
43500,italian
21656,italian
10505,chinese
5313,moroccan
28951,japanese
19961,indian
1795,southern_us
9917,french
26180,mexican
9726,italian
47689,italian
7866,southern_us
41625,mexican
35160,mexican
4430,spanish
39082,french
46186,indian
11988,mexican
24177,japanese
31849,italian
41194,moroccan
36968,mexican
42330,chinese
36791,thai
19704,italian
4933,greek
4255,mexican
37105,french
35848,mexican
17416,southern_us
39066,japanese
36270,cajun_creole
24406,filipino
20517,italian
27630,mexican
19670,irish
4685,italian
45260,italian
378,korean
40841,mexican
27632,japanese
12193,mexican
38047,mexican
10170,italian
25043,japanese
23851,italian
14743,korean
13294,french
26466,chinese
32002,italian
37526,southern_us
8888,italian
38945,southern_us
38546,cajun_creole
38869,french
10556,mexican
3296,italian
25977,mexican
32025,mexican
44087,greek
32762,irish
824,french
44636,italian
542,chinese
38218,irish
41930,british
1987,italian
37378,southern_us
8873,italian
1513,japanese
44013,italian
38042,indian
11576,jamaican
24510,french
823,italian
23443,korean
34870,indian
3846,southern_us
14993,french
16854,mexican
5886,mexican
33793,italian
2999,mexican
20843,mexican
29153,chinese
33790,greek
16516,indian
37887,french
18466,japanese
48033,italian
45404,italian
4175,mexican
31986,italian
38555,japanese
26832,chinese
19810,greek
49086,southern_us
39579,italian
25551,jamaican
42549,moroccan
22052,jamaican
45632,italian
4143,mexican
11310,italian
32839,japanese
48171,korean
22896,italian
10878,mexican
31643,mexican
47624,korean
35141,italian
13498,chinese
24566,french
16533,italian
15437,mexican
19426,greek
32416,southern_us
2427,italian
9178,southern_us
40606,chinese
28450,chinese
7946,italian
21756,greek
17843,russian
44066,british
7427,chinese
11297,spanish
42965,italian
23067,french
35066,thai
27938,greek
39075,greek
20200,thai
19823,greek
12336,chinese
34714,mexican
45388,italian
25639,greek
33985,russian
25524,thai
19641,chinese
11106,chinese
22165,italian
35412,italian
23475,japanese
1570,spanish
12815,french
37253,moroccan
16900,italian
7701,southern_us
49391,mexican
1132,brazilian
13051,mexican
2284,vietnamese
21410,british
25604,italian
45746,thai
35911,southern_us
26608,japanese
16991,french
40657,mexican
47960,british
38408,southern_us
1295,vietnamese
40139,russian
38538,southern_us
26420,spanish
10326,thai
5181,mexican
18210,indian
3241,irish
27062,italian
41527,thai
45484,mexican
38755,italian
47246,italian
164,mexican
723,moroccan
299,filipino
1519,mexican
34077,japanese
45254,indian
34760,french
11154,thai
26274,italian
15081,italian
45100,mexican
1417,italian
32083,italian
29971,french
17679,italian
36539,indian
34975,mexican
4633,irish
10321,french
35565,italian
26919,chinese
9549,southern_us
31863,southern_us
22053,italian
19443,southern_us
18540,italian
23354,italian
13859,southern_us
23904,filipino
6675,italian
18595,southern_us
12967,chinese
17283,southern_us
23211,mexican
14358,mexican
31398,japanese
42650,italian
25258,italian
18457,vietnamese
11810,moroccan
9499,italian
11943,indian
6810,thai
34323,brazilian
23296,korean
45927,italian
45196,spanish
19917,japanese
20210,spanish
41629,chinese
39907,italian
4956,mexican
37058,southern_us
20859,chinese
3315,italian
4401,italian
21361,italian
44164,french
26391,southern_us
47771,italian
44140,greek
43739,indian
12481,irish
12292,mexican
15965,indian
23409,thai
39005,chinese
2774,indian
14529,korean
16926,mexican
26890,brazilian
9663,french
43052,thai
24193,southern_us
5476,italian
10048,greek
1981,mexican
12194,chinese
22202,russian
7626,chinese
37365,mexican
44144,indian
37723,french
47194,filipino
30827,british
33108,indian
2075,southern_us
6326,italian
11083,mexican
30311,korean
45371,italian
18232,indian
9768,japanese
6648,moroccan
35650,cajun_creole
23013,italian
6669,irish
42670,mexican
18155,greek
44622,vietnamese
28426,mexican
23743,mexican
14176,brazilian
9576,italian
36577,italian
16671,italian
22964,thai
16424,french
47225,indian
17565,southern_us
36401,filipino
30314,french
32982,jamaican
21866,irish
1475,italian
13053,italian
33983,british
24051,french
22800,spanish
16561,chinese
2740,southern_us
219,mexican
48737,spanish
2164,moroccan
13579,italian
71,southern_us
12420,mexican
35209,mexican
11472,indian
43172,chinese
24927,cajun_creole
37102,italian
10743,southern_us
27874,indian
9565,southern_us
21419,mexican
767,korean
28308,italian
37605,italian
9558,southern_us
31527,spanish
2419,chinese
7541,chinese
11400,greek
23487,french
8087,french
21906,italian
48830,mexican
37328,southern_us
45490,italian
9710,italian
16153,mexican
39537,mexican
13923,southern_us
8120,southern_us
12923,southern_us
1556,filipino
6871,italian
34201,irish
36146,jamaican
33170,southern_us
20082,mexican
26517,french
15214,cajun_creole
34092,southern_us
40902,southern_us
44452,greek
2083,italian
44897,mexican
17850,mexican
26693,italian
19618,indian
35589,indian
46084,southern_us
17256,mexican
47570,mexican
32796,indian
27047,moroccan
39487,cajun_creole
130,thai
17627,cajun_creole
29072,southern_us
1108,cajun_creole
22666,cajun_creole
41630,southern_us
27289,italian
42299,southern_us
36078,italian
7098,indian
46999,filipino
28791,chinese
39576,mexican
2447,italian
22449,cajun_creole
23828,japanese
5660,italian
47460,spanish
17912,southern_us
12288,southern_us
44037,french
20875,mexican
6500,korean
13813,mexican
4907,indian
38186,italian
9816,mexican
8170,southern_us
21681,mexican
42384,italian
35366,british
34244,moroccan
35421,mexican
33457,mexican
28026,filipino
38122,italian
21362,italian
42253,cajun_creole
21994,italian
34457,vietnamese
40229,mexican
10181,mexican
38257,moroccan
40992,moroccan
15617,southern_us
34754,thai
45459,italian
31295,mexican
44977,southern_us
18322,korean
23257,korean
10084,southern_us
16445,indian
10594,chinese
26828,italian
47643,chinese
49680,chinese
27446,italian
8731,italian
37341,indian
42241,japanese
13669,french
21403,jamaican
688,mexican
23894,greek
35753,british
44692,italian
235,mexican
20982,mexican
10166,mexican
2187,cajun_creole
5022,mexican
49037,italian
44478,irish
8912,indian
8919,italian
23856,southern_us
14647,mexican
48870,filipino
14377,mexican
18548,chinese
39591,italian
46746,italian
31926,italian
10159,korean
11342,korean
32421,southern_us
19969,italian
3029,southern_us
39565,southern_us
7426,southern_us
20624,italian
4385,french
18761,french
46710,chinese
46241,southern_us
14208,japanese
29323,brazilian
40663,irish
32391,mexican
9506,italian
35402,italian
48796,italian
4657,chinese
2404,irish
36923,russian
41762,french
19344,filipino
19876,italian
39452,southern_us
19209,indian
35461,thai
5784,southern_us
40345,brazilian
24765,southern_us
25563,french
40680,mexican
36932,cajun_creole
28106,mexican
12717,mexican
40100,greek
6960,british
20724,korean
24433,italian
32118,chinese
22353,italian
23040,mexican
46246,italian
36642,southern_us
21579,italian
24073,southern_us
16775,thai
24732,spanish
24221,french
33300,british
34971,thai
19777,italian
24337,italian
24709,japanese
28557,italian
8963,french
31515,korean
22575,filipino
11011,italian
42030,italian
48012,thai
13623,chinese
49552,brazilian
5702,korean
3847,italian
34221,italian
4312,mexican
35834,moroccan
11849,cajun_creole
38290,indian
3064,southern_us
30099,italian
37354,mexican
27877,italian
45642,spanish
10629,greek
17557,mexican
3725,mexican
49507,french
5560,moroccan
42239,indian
29559,thai
46028,russian
26523,mexican
28313,indian
32502,thai
43610,filipino
35563,italian
22160,chinese
11258,japanese
36220,southern_us
15974,spanish
30449,indian
29676,japanese
29951,chinese
2268,brazilian
36813,mexican
28096,mexican
40471,mexican
6545,french
33598,indian
22338,mexican
41918,vietnamese
2133,spanish
42259,thai
11056,mexican
7034,italian
17040,japanese
35238,french
46155,southern_us
23356,italian
3909,indian
22107,mexican
1656,southern_us
9302,southern_us
19473,italian
13566,indian
23424,italian
4139,southern_us
15970,russian
47732,french
37251,french
44870,thai
9773,italian
2131,brazilian
6381,italian
9613,italian
47364,japanese
34376,italian
26408,indian
4763,italian
18982,mexican
2766,chinese
19247,korean
13462,irish
19678,french
22814,italian
18582,southern_us
3124,thai
19347,cajun_creole
8812,cajun_creole
22037,british
15423,southern_us
35960,southern_us
49336,mexican
1255,mexican
17646,italian
20631,italian
19492,mexican
22895,greek
18607,mexican
34569,chinese
48356,italian
12252,southern_us
21071,italian
22458,southern_us
19585,french
15597,british
15038,irish
20028,mexican
29764,mexican
17206,british
40901,mexican
37954,chinese
16933,thai
42657,moroccan
21846,chinese
33834,mexican
25873,greek
5938,italian
34762,spanish
39835,spanish
5805,indian
13914,chinese
45924,moroccan
41460,italian
37287,french
25059,italian
34872,mexican
7524,chinese
10427,korean
8014,mexican
14740,italian
24329,filipino
38514,thai
12665,chinese
24655,french
7078,chinese
15995,southern_us
15861,southern_us
30662,mexican
17836,southern_us
2078,russian
3600,filipino
46302,indian
28375,southern_us
34839,thai
18345,italian
23205,french
34763,french
26692,jamaican
10317,indian
11767,mexican
36881,italian
33468,chinese
20669,mexican
18159,french
22891,russian
39588,italian
35941,japanese
15981,mexican
26013,chinese
5076,korean
1573,italian
39380,japanese
13845,irish
35146,southern_us
32924,french
9567,italian
35203,spanish
39666,moroccan
17786,thai
21936,italian
8668,japanese
41339,french
32268,italian
29706,mexican
42032,jamaican
8105,southern_us
11218,russian
7159,italian
47817,italian
1572,jamaican
38720,southern_us
14780,mexican
31839,italian
6501,southern_us
39533,southern_us
22820,southern_us
9619,japanese
14025,spanish
19697,italian
5370,jamaican
32639,southern_us
15249,japanese
47776,italian
48134,brazilian
24141,japanese
4117,chinese
20578,british
47585,italian
20326,brazilian
43932,filipino
29704,chinese
12447,cajun_creole
38117,thai
2684,greek
25371,mexican
25518,chinese
27083,italian
16073,indian
45667,southern_us
44188,spanish
44888,mexican
41594,indian
1061,chinese
6536,italian
31586,british
9792,italian
40395,vietnamese
24861,italian
32253,indian
31082,southern_us
19298,korean
6600,irish
46939,southern_us
6092,southern_us
36600,italian
45979,brazilian
46910,southern_us
14174,russian
10609,mexican
28647,greek
19066,indian
16803,greek
49114,irish
14664,italian
39670,filipino
4583,indian
31121,southern_us
12589,jamaican
22551,italian
11817,korean
22003,indian
42091,southern_us
45966,southern_us
6811,southern_us
2711,italian
44757,filipino
5349,spanish
30294,vietnamese
48944,indian
44048,italian
411,southern_us
44998,japanese
18078,thai
48533,italian
16485,vietnamese
32939,southern_us
11808,italian
23059,chinese
16466,cajun_creole
7315,british
13178,indian
2751,indian
41395,mexican
20534,italian
12111,french
38708,french
37481,spanish
28048,mexican
13123,italian
2174,japanese
17190,cajun_creole
25756,mexican
38180,moroccan
26892,cajun_creole
23757,french
8553,french
36272,thai
35224,indian
5203,southern_us
23565,french
31420,vietnamese
43491,chinese
38773,southern_us
15223,indian
17763,french
24528,spanish
21704,southern_us
45329,mexican
48876,southern_us
3741,mexican
47710,italian
9182,italian
13782,mexican
3369,korean
11985,southern_us
39817,chinese
26869,italian
37461,indian
24217,italian
2474,french
45929,french
12768,southern_us
924,southern_us
13258,irish
7955,indian
37056,southern_us
17934,mexican
5843,southern_us
46881,italian
4049,mexican
24173,southern_us
4683,italian
32612,chinese
11314,mexican
13550,mexican
2483,indian
9573,greek
34113,chinese
37865,filipino
36951,brazilian
4703,moroccan
10734,indian
40444,jamaican
44334,british
35991,greek
34020,british
3743,japanese
18305,chinese
7877,italian
10606,cajun_creole
30584,french
9266,indian
35196,mexican
41070,southern_us
25930,filipino
48564,southern_us
14213,thai
6618,thai
18479,cajun_creole
10279,italian
30750,cajun_creole
45701,italian
22947,chinese
6467,indian
16365,mexican
7184,greek
23270,russian
41805,southern_us
7537,indian
18616,chinese
42857,indian
37906,irish
16846,italian
573,mexican
26657,southern_us
12408,irish
38232,italian
33447,british
40227,mexican
35760,italian
1385,italian
47866,italian
30871,french
22604,chinese
39397,spanish
38782,jamaican
45343,southern_us
26112,jamaican
10209,italian
31702,moroccan
37943,chinese
23471,mexican
3529,thai
46794,moroccan
16626,mexican
32361,japanese
20932,mexican
11183,indian
33661,italian
12681,mexican
2450,mexican
23979,southern_us
18465,italian
28234,italian
47449,mexican
33869,indian
4924,mexican
18862,thai
30556,indian
35762,italian
7396,french
21232,italian
18299,greek
35468,french
42838,italian
33972,cajun_creole
46021,vietnamese
1627,italian
28873,italian
38927,mexican
25262,chinese
19152,mexican
11061,moroccan
27000,cajun_creole
37396,chinese
47358,mexican
47825,italian
24681,british
37706,french
44056,southern_us
38298,italian
30788,chinese
36144,italian
21792,southern_us
31745,mexican
15104,italian
30589,thai
14235,indian
2608,french
34828,southern_us
3282,italian
4336,southern_us
25666,mexican
17831,mexican
17008,italian
35845,mexican
19494,thai
30797,indian
33763,mexican
19950,southern_us
23089,southern_us
32074,chinese
49640,korean
8403,korean
15879,italian
7949,moroccan
31483,thai
32928,japanese
27647,southern_us
34616,italian
21113,french
41599,cajun_creole
23924,chinese
36335,italian
36194,filipino
10980,mexican
45999,southern_us
3943,italian
188,italian
5799,spanish
20964,british
2716,italian
5464,italian
17640,italian
39437,filipino
14835,thai
3094,french
14826,italian
30173,italian
37811,italian
22363,korean
6369,southern_us
26850,mexican
48887,italian
44405,southern_us
21477,brazilian
32697,indian
38843,mexican
20076,cajun_creole
26429,mexican
35648,vietnamese
41794,cajun_creole
22100,italian
30216,southern_us
17656,filipino
17317,italian
4928,southern_us
43965,mexican
6404,southern_us
12274,chinese
6651,southern_us
40406,italian
40933,british
23419,mexican
37867,mexican
28834,italian
23912,chinese
4791,mexican
36354,japanese
32298,southern_us
44577,japanese
48859,japanese
32485,italian
8394,french
7708,italian
38385,mexican
22622,japanese
29716,thai
44462,mexican
9422,mexican
22499,cajun_creole
36,italian
434,italian
5479,mexican
42420,southern_us
47346,brazilian
44568,mexican
38650,moroccan
19191,french
22848,irish
17886,italian
6036,irish
38608,french
12890,japanese
15709,southern_us
13125,southern_us
48454,italian
36627,british
47884,italian
28,southern_us
45365,mexican
40795,chinese
17651,indian
1530,french
17604,chinese
4700,mexican
24972,italian
23525,mexican
7092,french
43757,mexican
4808,mexican
7249,southern_us
27589,southern_us
47523,southern_us
44244,french
10383,korean
37285,mexican
21332,chinese
7311,greek
28052,italian
31653,italian
1740,italian
5484,southern_us
41406,southern_us
41907,southern_us
46515,mexican
38392,italian
15925,mexican
5094,french
31816,irish
35713,british
31296,mexican
41640,french
22419,indian
47874,mexican
6570,italian
6936,mexican
34063,southern_us
34141,italian
44572,southern_us
28425,italian
38481,mexican
18955,italian
46466,mexican
5692,jamaican
39836,mexican
33718,moroccan
36250,french
286,indian
29766,italian
20541,southern_us
31173,british
46440,mexican
23905,russian
37232,french
8517,french
21249,italian
32700,southern_us
22845,mexican
45461,italian
1307,cajun_creole
30010,mexican
21646,indian
28148,italian
26450,jamaican
16602,mexican
9928,brazilian
27063,southern_us
22273,southern_us
12744,indian
28272,italian
30350,irish
23362,southern_us
13645,greek
16942,cajun_creole
34970,italian
27829,irish
38058,mexican
13256,thai
31859,spanish
43027,southern_us
22235,chinese
2933,cajun_creole
45981,italian
11460,italian
33770,cajun_creole
24399,french
8006,french
48885,japanese
42585,moroccan
40160,mexican
45541,thai
22410,vietnamese
26226,korean
4591,indian
5457,moroccan
39085,spanish
24040,mexican
6576,japanese
34310,cajun_creole
27350,southern_us
9968,thai
2464,italian
27952,chinese
43388,mexican
33143,mexican
28083,thai
15927,mexican
10255,italian
8011,southern_us
5195,thai
36015,vietnamese
40910,italian
11309,spanish
47556,cajun_creole
27958,italian
27198,mexican
643,southern_us
40853,indian
15815,japanese
2063,italian
19827,irish
33443,italian
44632,korean
26773,chinese
3203,thai
32873,korean
24806,chinese
45942,russian
1324,french
32526,japanese
48093,japanese
48942,french
8845,italian
11546,italian
44358,mexican
3209,cajun_creole
10553,italian
44430,italian
44712,french
16351,indian
44644,french
31670,jamaican
49147,southern_us
19750,brazilian
48121,vietnamese
22722,brazilian
9910,spanish
14236,italian
48341,southern_us
23190,thai
20362,italian
44794,southern_us
39419,french
13526,british
42270,italian
37208,mexican
33824,italian
29953,mexican
16387,korean
37672,spanish
1868,italian
24984,thai
47128,greek
44303,russian
20318,chinese
7513,italian
13261,spanish
19259,jamaican
31103,cajun_creole
24037,italian
29984,southern_us
28159,french
5318,jamaican
23962,mexican
2084,italian
41793,french
18960,italian
17025,spanish
15510,southern_us
36832,japanese
20643,italian
4154,mexican
10510,japanese
45117,mexican
43403,italian
42471,chinese
6942,italian
33309,indian
6689,southern_us
48687,italian
9880,italian
25590,italian
21842,mexican
27151,indian
565,japanese
21740,italian
42399,russian
35928,cajun_creole
47060,irish
43147,indian
16625,italian
16769,spanish
12515,southern_us
14731,irish
11658,mexican
49467,vietnamese
19749,french
39723,brazilian
5722,cajun_creole
31967,southern_us
39857,mexican
16534,spanish
27334,italian
32215,chinese
34903,southern_us
24990,cajun_creole
31307,moroccan
38874,mexican
24130,italian
27816,chinese
939,chinese
38293,italian
7889,cajun_creole
22114,southern_us
24614,korean
48827,vietnamese
3387,british
41676,southern_us
3152,filipino
38805,indian
27078,chinese
34940,french
16855,mexican
41891,mexican
36715,indian
49455,mexican
26522,greek
28420,southern_us
329,french
18986,mexican
31705,british
7402,italian
10212,southern_us
10640,korean
38014,indian
5172,italian
26986,irish
5088,vietnamese
24522,italian
1900,mexican
4801,southern_us
27932,japanese
30941,brazilian
42354,mexican
48854,russian
39058,italian
34294,brazilian
46593,southern_us
22582,mexican
36937,brazilian
34596,indian
42570,french
10147,southern_us
44796,mexican
46819,mexican
30905,mexican
34980,italian
49265,italian
37563,french
25673,thai
14267,irish
32410,mexican
26392,thai
27384,italian
43045,thai
22576,mexican
11597,moroccan
22656,french
47811,greek
7925,russian
14860,japanese
27525,chinese
7798,greek
10848,italian
19062,french
32224,chinese
11529,indian
12155,russian
30628,cajun_creole
21909,japanese
14291,mexican
3323,southern_us
6502,italian
25833,greek
31108,irish
47484,irish
27396,italian
48147,chinese
10489,mexican
12014,mexican
4904,mexican
36607,italian
12756,mexican
32462,southern_us
42204,vietnamese
246,mexican
47061,korean
15908,vietnamese
29572,greek
13458,mexican
14022,southern_us
40437,vietnamese
48136,mexican
17687,italian
48504,brazilian
22857,french
11465,indian
42107,thai
12514,mexican
46339,indian
8383,southern_us
27362,irish
38646,thai
44084,korean
12946,mexican
11670,indian
34916,spanish
2944,moroccan
33063,mexican
26982,jamaican
2231,mexican
5118,indian
28258,spanish
44113,southern_us
47328,chinese
33937,filipino
40399,italian
23562,vietnamese
12787,italian
13992,japanese
38992,italian
45269,mexican
15211,moroccan
34602,southern_us
41779,vietnamese
4179,mexican
37925,japanese
46161,italian
5512,southern_us
27845,mexican
12024,italian
41072,irish
17911,italian
4237,chinese
40442,french
15522,mexican
6804,chinese
43807,vietnamese
21647,korean
22758,mexican
32551,indian
20470,mexican
20842,southern_us
43018,indian
45493,italian
42442,mexican
14655,italian
32247,french
32302,southern_us
42075,mexican
19949,mexican
23352,cajun_creole
48549,southern_us
15053,korean
23490,spanish
12080,japanese
41992,thai
10618,brazilian
2870,cajun_creole
49226,mexican
10052,french
39400,italian
8410,mexican
15752,mexican
18854,moroccan
28448,thai
27260,moroccan
1083,italian
21430,italian
46343,mexican
12493,italian
14251,indian
37764,french
3912,italian
28477,italian
25100,italian
44515,spanish
36019,southern_us
44471,italian
27855,indian
47538,southern_us
16954,mexican
5730,vietnamese
29892,cajun_creole
25581,italian
43708,indian
49152,mexican
40984,mexican
13050,italian
15031,mexican
42841,french
16325,cajun_creole
1866,cajun_creole
29547,mexican
24281,cajun_creole
49183,filipino
41136,mexican
15790,indian
23832,japanese
4231,italian
5306,mexican
40103,cajun_creole
45908,filipino
34333,moroccan
19999,mexican
9304,korean
11613,mexican
30183,italian
14480,korean
26493,korean
46415,mexican
23012,indian
2981,italian
31371,moroccan
8119,french
48376,japanese
42957,mexican
18688,french
38876,spanish
11197,greek
48216,chinese
24611,french
16761,southern_us
47345,italian
16477,spanish
31855,mexican
403,russian
48608,mexican
1985,spanish
36249,jamaican
27201,chinese
22141,southern_us
34166,cajun_creole
4721,jamaican
44230,mexican
21409,italian
29986,southern_us
15401,italian
32341,greek
46266,italian
6633,indian
42713,mexican
9117,russian
16266,italian
36470,southern_us
16164,indian
34712,korean
29117,southern_us
34991,indian
24906,italian
36954,irish
29979,brazilian
16710,french
48056,italian
24035,filipino
32656,indian
45875,french
1735,thai
35986,southern_us
45005,southern_us
46636,filipino
31507,southern_us
31348,mexican
28362,italian
33305,indian
36747,italian
39897,cajun_creole
27450,japanese
49579,korean
24426,mexican
11507,moroccan
6093,italian
49338,greek
11560,italian
49597,mexican
17865,filipino
5995,mexican
9707,mexican
6888,mexican
46148,japanese
19940,british
34637,italian
14214,indian
15805,french
34328,chinese
27174,french
24919,italian
33206,mexican
10745,italian
41550,mexican
5008,french
10685,mexican
15287,italian
25701,french
31525,italian
27096,chinese
36113,japanese
48480,greek
1944,italian
26314,italian
10478,vietnamese
15149,french
5024,british
1676,french
2869,italian
20079,french
8053,southern_us
6212,french
13557,indian
9735,filipino
39956,spanish
21569,mexican
3269,french
4461,cajun_creole
41598,mexican
44612,southern_us
20150,french
7278,italian
35809,british
21612,mexican
20357,french
23355,italian
27727,spanish
34021,jamaican
9970,mexican
36438,italian
12079,moroccan
22380,indian
28065,mexican
49690,italian
48671,indian
18509,southern_us
8903,greek
23374,chinese
22475,korean
28418,indian
42625,brazilian
44840,italian
42121,indian
2243,indian
18032,japanese
19392,mexican
25679,italian
11223,mexican
35867,italian
33842,mexican
12676,southern_us
38377,southern_us
344,french
11864,irish
16895,spanish
3001,mexican
19195,japanese
3635,french
23150,russian
17502,italian
16405,moroccan
34160,mexican
34495,irish
18377,italian
18988,mexican
24880,indian
48302,italian
33358,indian
20732,filipino
22094,southern_us
8638,italian
35556,mexican
27248,cajun_creole
15746,italian
46404,southern_us
23323,greek
39018,southern_us
23510,italian
27710,italian
30540,indian
48945,southern_us
37197,thai
27343,chinese
29349,mexican
38383,southern_us
46758,mexican
24859,chinese
18292,mexican
32450,italian
35936,thai
36789,italian
19804,mexican
16604,spanish
585,cajun_creole
29352,indian
48392,italian
44324,greek
5012,southern_us
19487,italian
17263,mexican
26127,irish
39464,french
4870,thai
16171,indian
308,moroccan
19155,southern_us
18736,brazilian
43352,southern_us
24652,mexican
44181,cajun_creole
36237,indian
30286,spanish
4019,french
20111,british
35543,southern_us
25992,southern_us
8275,mexican
49613,chinese
45149,indian
38610,indian
18111,chinese
35670,italian
30349,japanese
12034,chinese
20729,cajun_creole
11458,italian
16423,indian
47404,italian
43875,chinese
43513,southern_us
21894,moroccan
9350,greek
18519,mexican
4651,mexican
14831,mexican
32530,thai
44131,indian
36724,southern_us
20264,southern_us
4994,indian
47875,french
1952,japanese
6792,cajun_creole
44853,italian
13807,irish
14303,southern_us
27449,mexican
20389,french
32028,italian
9758,italian
15295,russian
14904,italian
9534,italian
46950,italian
15648,indian
44473,italian
29833,southern_us
3015,cajun_creole
43675,french
3329,irish
27359,mexican
18163,mexican
45238,indian
2146,italian
17194,french
15864,filipino
6084,irish
44220,greek
1843,filipino
4777,italian
27182,french
47648,italian
30068,mexican
36696,mexican
47909,southern_us
19016,mexican
32683,thai
224,greek
2031,southern_us
26715,japanese
23886,mexican
28724,french
46037,mexican
38683,chinese
19328,italian
15324,italian
20480,italian
43132,mexican
25028,italian
15859,italian
13023,indian
27838,cajun_creole
3661,indian
35313,mexican
45668,cajun_creole
3070,french
20607,italian
33560,chinese
43354,cajun_creole
19935,italian
45795,french
42932,mexican
42059,italian
47601,chinese
31240,chinese
5339,southern_us
8192,mexican
4831,korean
9134,indian
49500,indian
45456,cajun_creole
47506,mexican
43238,mexican
43910,french
36829,thai
2771,italian
14712,cajun_creole
37718,mexican
5264,indian
26273,british
48641,moroccan
46990,indian
26575,greek
43906,french
30518,mexican
45950,southern_us
15967,southern_us
25115,spanish
15112,southern_us
34860,cajun_creole
32100,greek
11239,korean
809,greek
9212,italian
34741,southern_us
29409,mexican
39986,cajun_creole
21487,spanish
36981,french
19115,indian
37110,mexican
36185,chinese
26244,korean
18026,filipino
36961,indian
14384,mexican
6039,cajun_creole
31871,moroccan
35841,mexican
16074,southern_us
39180,southern_us
19331,italian
8658,french
49574,italian
25237,mexican
6947,spanish
5309,italian
35914,mexican
14715,southern_us
47994,british
11508,chinese
41662,greek
39047,indian
22933,southern_us
5016,japanese
49449,italian
39029,southern_us
1721,cajun_creole
41864,french
17358,brazilian
36847,mexican
34812,indian
5486,southern_us
2492,japanese
45624,mexican
7576,brazilian
34773,korean
16904,chinese
4279,mexican
38068,italian
7370,indian
23586,french
48790,mexican
26717,italian
32749,italian
42536,chinese
5372,french
37143,italian
37244,italian
27674,thai
778,japanese
14686,italian
9274,mexican
37769,italian
12871,italian
38528,mexican
32968,irish
6275,italian
4732,southern_us
9452,indian
29194,indian
16627,russian
5127,moroccan
26447,italian
11489,southern_us
23884,southern_us
14545,moroccan
19620,indian
9771,irish
21265,mexican
38249,italian
3483,italian
21262,italian
14605,korean
9448,indian
15750,italian
6413,italian
17585,korean
10057,moroccan
29462,japanese
18943,irish
22591,mexican
32048,cajun_creole
32249,greek
39578,chinese
21724,spanish
27119,southern_us
25094,filipino
41200,british
33033,chinese
21389,french
49103,italian
12519,vietnamese
26913,indian
12460,italian
3397,cajun_creole
3502,chinese
42877,cajun_creole
249,vietnamese
46008,southern_us
14185,mexican
20873,indian
11722,southern_us
24883,indian
3932,moroccan
25728,southern_us
16428,moroccan
7887,mexican
48364,vietnamese
47197,italian
28640,mexican
16758,chinese
39135,italian
33302,spanish
23677,jamaican
25509,mexican
35746,korean
46195,italian
19788,brazilian
18888,spanish
21153,cajun_creole
44672,french
48707,italian
2232,southern_us
36081,vietnamese
948,southern_us
24512,indian
24382,southern_us
40648,french
48886,southern_us
21967,italian
40119,italian
38221,indian
49494,cajun_creole
17286,italian
10421,korean
13088,italian
34348,filipino
15405,thai
15218,italian
40233,vietnamese
26098,filipino
17221,mexican
25198,thai
22532,thai
41563,british
2554,italian
38170,mexican
29476,greek
33384,russian
5770,korean
5628,chinese
44069,italian
18530,greek
22369,thai
9498,italian
26476,italian
29939,greek
9336,vietnamese
26377,mexican
18442,brazilian
13470,thai
34689,southern_us
11016,southern_us
28985,vietnamese
25293,italian
569,british
29992,chinese
20363,italian
6981,russian
30154,russian
39960,southern_us
25975,french
4029,indian
49081,french
7493,chinese
10393,mexican
6915,italian
42310,spanish
15612,mexican
23160,southern_us
37897,mexican
44731,italian
3460,filipino
29855,italian
31140,korean
4481,southern_us
30882,indian
511,korean
1120,spanish
42651,mexican
18209,irish
38368,chinese
31783,japanese
37589,italian
17752,japanese
37020,mexican
19503,indian
2718,mexican
28365,moroccan
45843,french
4514,thai
4311,korean
41356,italian
12022,irish
6846,mexican
8983,indian
47589,southern_us
14859,southern_us
20035,italian
732,thai
38568,southern_us
10871,brazilian
42540,indian
48782,moroccan
17988,moroccan
8147,chinese
32029,indian
25598,italian
8695,korean
11213,mexican
21053,russian
29154,southern_us
33691,korean
32129,italian
43787,chinese
40642,italian
39782,french
38430,italian
33438,filipino
31602,chinese
17581,jamaican
25169,filipino
35755,italian
33544,mexican
34252,thai
30764,italian
44946,italian
716,mexican
24668,italian
24270,vietnamese
13165,spanish
33758,french
3090,vietnamese
43987,french
39021,mexican
44460,greek
29876,southern_us
17737,indian
36772,indian
18174,southern_us
20924,southern_us
39098,italian
32571,mexican
26957,chinese
11363,mexican
20736,thai
42639,chinese
43350,indian
15451,italian
45175,mexican
5652,french
1569,korean
39036,chinese
13673,japanese
1550,mexican
38553,southern_us
38594,italian
3220,mexican
24686,mexican
10863,italian
46683,italian
5113,mexican
34967,italian
15420,mexican
9607,southern_us
7190,mexican
7482,italian
3928,italian
11288,russian
1948,indian
6590,filipino
20275,indian
14212,southern_us
47990,southern_us
36653,italian
22436,southern_us
34790,mexican
45752,filipino
19159,mexican
14515,french
27510,french
38699,chinese
34959,french
7206,indian
2316,italian
18823,mexican
1909,italian
48313,cajun_creole
5844,french
29975,moroccan
41091,vietnamese
9532,southern_us
46569,french
10399,korean
42934,italian
2688,mexican
27095,mexican
12476,southern_us
23070,mexican
9837,italian
45829,japanese
31887,southern_us
28518,italian
47168,greek
45321,mexican
20662,french
9699,thai
41018,moroccan
705,french
42898,italian
633,indian
31443,mexican
18613,mexican
19060,british
17845,southern_us
1534,mexican
41786,french
31656,brazilian
17330,irish
7048,french
7938,southern_us
46208,italian
33759,italian
5526,japanese
26943,mexican
20701,italian
35701,thai
36687,italian
21401,italian
376,french
6980,vietnamese
39402,italian
43095,mexican
18576,greek
39720,indian
17526,french
27549,italian
27123,italian
22979,southern_us
46113,korean
31557,mexican
20414,brazilian
14487,thai
24881,italian
17955,irish
39109,mexican
35576,greek
25876,british
24669,mexican
22261,korean
832,chinese
29742,french
21381,jamaican
34322,southern_us
7224,korean
17978,southern_us
9438,chinese
9458,thai
41045,indian
34614,mexican
16651,italian
8230,british
39372,southern_us
39357,french
44341,mexican
42052,greek
45208,thai
28626,british
48345,vietnamese
37791,brazilian
15227,japanese
24053,japanese
17716,british
6087,southern_us
28000,mexican
4320,filipino
21783,italian
16148,mexican
47562,italian
31541,spanish
43574,japanese
45475,irish
16953,southern_us
5239,chinese
4595,indian
37279,french
33264,italian
30484,mexican
9200,southern_us
7457,thai
42413,japanese
18484,vietnamese
20985,mexican
29503,jamaican
45242,italian
46953,filipino
13948,mexican
1623,italian
33251,italian
6148,italian
30392,southern_us
144,chinese
20602,southern_us
48085,indian
14896,italian
47518,thai
29161,cajun_creole
39363,mexican
694,french
3887,italian
12671,southern_us
31117,indian
14714,mexican
29993,thai
20639,italian
17665,greek
3969,indian
11014,mexican
19530,italian
17271,mexican
30457,chinese
22989,indian
45756,indian
20297,vietnamese
10942,cajun_creole
35686,mexican
13032,italian
7951,southern_us
20432,southern_us
17971,mexican
4128,brazilian
7589,mexican
18816,chinese
12650,chinese
418,moroccan
36366,french
32991,mexican
6424,italian
8134,indian
39280,southern_us
3091,italian
23382,italian
34090,mexican
23320,indian
14962,italian
42047,mexican
44805,mexican
36584,italian
3016,indian
6391,british
38188,italian
1784,mexican
18300,cajun_creole
3856,french
41841,japanese
16837,greek
23687,jamaican
38118,indian
27801,chinese
17096,chinese
20235,cajun_creole
13288,southern_us
26749,french
19084,mexican
35200,mexican
41073,french
28016,french
18431,italian
22228,korean
27456,mexican
325,italian
6543,italian
7062,mexican
49221,southern_us
44536,italian
24865,indian
26543,chinese
10096,southern_us
38273,moroccan
6710,jamaican
49243,italian
19624,mexican
24435,cajun_creole
14883,italian
22516,southern_us
587,mexican
40539,mexican
11208,brazilian
18273,mexican
22762,japanese
13300,italian
42245,italian
14177,greek
4184,moroccan
14277,southern_us
41308,italian
34438,italian
9805,korean
38007,italian
23919,indian
13945,mexican
32279,indian
17456,mexican
47941,southern_us
32310,italian
44442,italian
14163,italian
27573,italian
777,irish
44116,mexican
13347,mexican
29348,chinese
14219,southern_us
39983,italian
33682,moroccan
21443,japanese
47642,cajun_creole
1759,cajun_creole
1205,southern_us
4794,indian
17408,cajun_creole
34666,thai
40237,greek
13778,italian
41289,italian
3560,southern_us
35830,mexican
11151,southern_us
12789,cajun_creole
21166,italian
24716,russian
25586,mexican
11046,southern_us
31793,indian
28746,french
7226,french
30991,southern_us
47476,irish
30626,italian
49367,indian
35754,indian
4247,filipino
49423,italian
22295,korean
2749,chinese
685,french
30988,italian
46285,italian
40492,mexican
22264,italian
15921,mexican
388,chinese
33121,chinese
35685,mexican
4416,italian
17725,italian
39525,moroccan
27034,irish
28470,mexican
38953,mexican
20045,southern_us
12896,mexican
39573,greek
8838,brazilian
15399,mexican
39439,mexican
26837,filipino
41220,french
35968,chinese
24335,thai
10983,japanese
5516,southern_us
38894,vietnamese
11887,greek
31306,southern_us
38578,indian
3561,french
45095,thai
30969,italian
14389,southern_us
29670,chinese
40995,southern_us
33629,french
10616,italian
30886,italian
18995,indian
31098,filipino
34607,mexican
48989,irish
44542,japanese
47075,greek
19228,thai
2685,southern_us
11686,japanese
9610,mexican
30405,greek
43666,moroccan
32892,italian
44741,indian
6791,mexican
440,italian
22693,mexican
24328,chinese
13800,japanese
23873,cajun_creole
12767,southern_us
5929,mexican
20645,filipino
20999,cajun_creole
29995,italian
35223,greek
22414,greek
23410,chinese
36558,japanese
13704,french
41952,indian
46915,cajun_creole
47170,southern_us
2295,moroccan
46128,southern_us
48349,mexican
1482,japanese
26589,british
9418,italian
31356,french
16052,mexican
43594,mexican
29099,thai
23472,chinese
34914,french
19404,thai
28299,italian
12314,italian
6047,southern_us
37581,italian
12750,filipino
17498,japanese
7694,italian
14531,mexican
26628,mexican
8205,southern_us
25101,italian
29045,greek
20917,indian
8311,moroccan
10213,filipino
15241,thai
46132,spanish
15349,italian
22580,mexican
47335,cajun_creole
17759,cajun_creole
27633,greek
42313,mexican
47272,thai
4553,mexican
15235,italian
34102,jamaican
21227,british
9782,italian
6913,southern_us
11944,chinese
19035,moroccan
9848,mexican
42745,mexican
40846,italian
27618,mexican
41067,mexican
13555,french
18063,mexican
16962,irish
8415,italian
19041,cajun_creole
38889,moroccan
32528,indian
21750,italian
11344,japanese
27945,japanese
37025,italian
789,mexican
25084,chinese
6024,southern_us
14741,indian
20468,chinese
26963,spanish
1451,indian
27745,mexican
31347,southern_us
46592,mexican
38107,indian
5987,irish
1808,french
23783,greek
28618,italian
36764,chinese
11326,mexican
3020,chinese
24326,italian
34002,thai
11499,french
9268,british
49368,chinese
44720,japanese
13127,italian
34494,italian
48382,thai
18585,italian
40052,chinese
46321,irish
49561,southern_us
9453,mexican
19555,mexican
17833,italian
10196,southern_us
35996,indian
22530,italian
44176,southern_us
2669,greek
10896,indian
7343,filipino
46255,french
27043,southern_us
20998,russian
12357,mexican
36339,french
45086,chinese
37690,french
37829,indian
3537,mexican
5150,southern_us
13,greek
44579,italian
8749,british
131,mexican
44306,mexican
19202,mexican
21300,jamaican
27286,southern_us
18297,italian
4388,italian
22234,greek
7359,southern_us
39947,french
6855,vietnamese
46057,spanish
33950,italian
36009,french
23732,italian
21316,indian
32806,cajun_creole
34343,jamaican
11973,southern_us
2380,mexican
30667,british
42364,japanese
30258,italian
34109,southern_us
5265,french
123,mexican
12498,french
23713,mexican
25176,italian
28576,indian
32563,mexican
38829,indian
3835,mexican
1960,moroccan
43991,southern_us
45136,italian
41554,cajun_creole
10118,japanese
43827,mexican
32583,mexican
31949,spanish
23574,chinese
28211,southern_us
21793,italian
25914,mexican
34735,spanish
26071,chinese
9476,southern_us
29443,southern_us
16966,chinese
6457,british
25882,thai
48390,greek
28356,southern_us
15699,southern_us
2090,indian
4686,italian
27937,thai
25560,mexican
38937,italian
48670,southern_us
2547,italian
17442,southern_us
28669,french
4410,mexican
36917,chinese
46755,indian
25321,french
47019,chinese
33077,spanish
11593,italian
44295,mexican
46632,chinese
18503,southern_us
29030,british
32516,french
35128,southern_us
41715,cajun_creole
49185,indian
35517,spanish
13909,southern_us
36886,southern_us
29304,mexican
29577,mexican
24570,indian
29466,chinese
10724,indian
30026,british
37133,spanish
29346,korean
32871,thai
46420,filipino
29083,chinese
4402,greek
15877,italian
33448,indian
3541,mexican
27704,indian
28658,italian
23793,italian
11040,irish
28419,french
37086,italian
13965,italian
28674,mexican
5645,southern_us
20756,mexican
15548,french
14495,indian
11989,italian
47482,vietnamese
14101,mexican
1289,mexican
49473,southern_us
39161,italian
14452,italian
31489,thai
15599,mexican
28440,italian
33624,mexican
24090,spanish
16137,italian
4819,french
1377,irish
47636,italian
25907,chinese
35894,mexican
20315,mexican
27199,jamaican
34055,italian
26938,filipino
5734,mexican
32241,italian
2163,russian
20340,cajun_creole
6278,vietnamese
49404,british
36731,mexican
29165,indian
24932,indian
6591,indian
14644,mexican
43518,filipino
28979,chinese
45821,spanish
26627,russian
39139,korean
3026,indian
13204,italian
762,chinese
28036,french
46514,mexican
34536,spanish
36484,indian
5676,mexican
13715,french
43019,mexican
2471,indian
34065,italian
39362,french
4987,mexican
28414,southern_us
8710,italian
6610,italian
28847,filipino
10560,indian
32993,italian
16912,mexican
35262,italian
46936,thai
14553,cajun_creole
17471,korean
22897,cajun_creole
2789,mexican
3897,british
22751,french
16566,japanese
23033,southern_us
30500,cajun_creole
13018,indian
13077,italian
9177,mexican
16012,greek
5293,mexican
35451,irish
5591,indian
44443,mexican
36811,italian
7031,indian
11475,italian
5556,italian
33728,southern_us
46703,brazilian
41776,italian
4099,vietnamese
4251,mexican
29381,mexican
30300,japanese
27494,french
48254,irish
32789,mexican
44569,chinese
44160,italian
18762,mexican
23808,mexican
11875,moroccan
35843,jamaican
4948,indian
34713,thai
8352,italian
28407,mexican
3506,irish
44338,chinese
38464,greek
1139,italian
12287,indian
27031,chinese
42153,french
42686,jamaican
44415,cajun_creole
10072,southern_us
8618,french
14153,mexican
23825,greek
21440,spanish
13366,cajun_creole
24979,filipino
33437,vietnamese
4864,korean
33017,italian
15122,thai
42731,japanese
8281,mexican
2812,southern_us
30683,irish
24249,french
12169,cajun_creole
28629,italian
32774,southern_us
15181,italian
44314,mexican
37583,irish
28069,french
33503,filipino
24015,italian
39333,chinese
13414,italian
4855,italian
6512,italian
21974,greek
9062,italian
6243,mexican
10675,mexican
35788,chinese
37372,chinese
28810,greek
23045,italian
21296,southern_us
33484,italian
30045,chinese
17354,indian
30061,russian
41671,mexican
13160,indian
43260,chinese
43992,chinese
16117,french
30403,greek
37331,italian
5456,mexican
26893,british
44470,french
38130,moroccan
9361,mexican
19320,french
3545,korean
25778,french
34074,chinese
34216,brazilian
38817,spanish
20749,mexican
31535,italian
2052,cajun_creole
18186,mexican
49595,french
47592,greek
26011,italian
23403,indian
8005,japanese
19517,british
10157,mexican
47071,french
22469,greek
26224,italian
29482,southern_us
8227,chinese
12580,british
26385,irish
49610,british
6446,spanish
1766,mexican
19538,japanese
44811,french
16844,mexican
28777,french
28282,greek
15025,mexican
35345,filipino
21527,filipino
26997,indian
40454,southern_us
2828,italian
18980,cajun_creole
13604,mexican
9911,mexican
49684,korean
5056,brazilian
2990,cajun_creole
32016,cajun_creole
37476,filipino
33761,chinese
20280,british
19266,greek
17492,italian
29376,irish
39788,mexican
606,korean
28514,brazilian
8497,korean
14688,southern_us
6514,mexican
22222,mexican
40303,mexican
23173,brazilian
26842,italian
38197,southern_us
6680,indian
11165,mexican
10077,spanish
10703,korean
32046,jamaican
40961,cajun_creole
35596,thai
1653,japanese
3886,french
14121,italian
36351,vietnamese
32915,italian
5386,filipino
40215,mexican
183,mexican
24641,vietnamese
47715,mexican
34390,italian
712,thai
12535,chinese
49435,japanese
30517,southern_us
3489,french
1636,filipino
30044,mexican
24095,mexican
22105,indian
24627,japanese
38840,mexican
9246,italian
32088,mexican
38769,vietnamese
5657,mexican
15325,thai
28603,mexican
42188,thai
30446,italian
1757,chinese
32710,russian
2136,irish
27690,indian
35074,brazilian
48873,mexican
39277,southern_us
28708,italian
45762,southern_us
37933,italian
4491,moroccan
35597,mexican
15163,french
25745,italian
49614,mexican
41946,mexican
6372,italian
39604,southern_us
42983,chinese
19983,indian
21892,moroccan
20647,greek
47368,japanese
3557,southern_us
41749,french
31498,italian
19271,southern_us
15640,spanish
26181,italian
22491,british
31939,vietnamese
35961,cajun_creole
9811,cajun_creole
40599,indian
40190,cajun_creole
16581,italian
22637,jamaican
37123,mexican
36020,cajun_creole
2226,italian
43012,italian
13134,italian
18749,french
1692,british
10138,irish
25235,italian
13955,italian
42655,thai
12415,italian
7502,italian
27394,southern_us
44210,mexican
5331,british
25173,italian
48988,mexican
20735,thai
22048,italian
27644,cajun_creole
43242,mexican
28368,vietnamese
2429,italian
25477,mexican
30938,mexican
29877,italian
30451,mexican
48987,thai
17989,russian
13439,indian
33444,french
38794,southern_us
37227,italian
39679,italian
34234,southern_us
38038,chinese
7274,southern_us
18018,french
11450,spanish
48160,french
21288,italian
34704,french
46684,italian
7049,indian
9116,mexican
22485,irish
6346,japanese
40269,mexican
35850,chinese
1429,jamaican
19739,french
38972,italian
39570,cajun_creole
43463,italian
21757,italian
36070,italian
40550,mexican
22914,brazilian
15074,indian
41576,filipino
46372,italian
8751,irish
47378,italian
21143,japanese
3818,moroccan
48486,southern_us
23388,french
37216,cajun_creole
13142,cajun_creole
828,southern_us
18468,korean
25554,jamaican
9863,italian
12771,thai
3066,greek
35442,brazilian
25696,mexican
38136,southern_us
35825,italian
28933,japanese
34629,southern_us
22169,italian
7028,korean
37204,mexican
16980,mexican
27356,southern_us
11736,italian
1632,vietnamese
1073,southern_us
8236,irish
42866,mexican
30904,thai
35258,italian
17290,greek
35929,southern_us
46072,chinese
46763,southern_us
47664,french
45625,indian
31177,irish
33941,mexican
12272,british
48146,korean
11812,spanish
42795,mexican
14372,italian
2964,mexican
9236,chinese
18992,filipino
30902,french
30939,italian
20108,italian
6562,thai
46412,italian
8034,french
37521,southern_us
46651,italian
32493,jamaican
3251,italian
31825,southern_us
2676,southern_us
32140,vietnamese
5326,mexican
38240,southern_us
45874,chinese
17253,japanese
25292,southern_us
48666,moroccan
49278,mexican
47903,brazilian
42062,mexican
27885,italian
21229,italian
47629,italian
16695,spanish
5355,southern_us
45369,mexican
25736,chinese
29882,vietnamese
38900,moroccan
1508,southern_us
2526,italian
16563,mexican
49060,french
31448,southern_us
36746,vietnamese
1280,southern_us
41950,brazilian
25948,greek
35444,korean
2881,british
44080,southern_us
4446,japanese
47106,indian
15521,korean
44359,southern_us
48967,southern_us
1599,italian
44514,italian
7140,thai
27656,cajun_creole
35581,italian
6359,chinese
41639,italian
42680,indian
31520,mexican
47846,spanish
7993,italian
2996,italian
27737,vietnamese
27427,moroccan
3734,italian
44673,italian
43924,chinese
18628,greek
3596,filipino
37666,southern_us
14633,italian
36259,indian
19752,mexican
16697,italian
9550,moroccan
20813,italian
34356,italian
3583,french
14148,chinese
28329,italian
166,mexican
12368,french
32261,thai
35306,southern_us
1414,chinese
45051,italian
20767,mexican
23450,french
404,italian
527,japanese
25416,thai
25409,french
34603,chinese
20266,mexican
9513,french
7794,southern_us
19429,indian
11328,southern_us
49242,mexican
40411,chinese
46424,italian
1634,southern_us
47221,thai
3963,southern_us
15515,cajun_creole
6735,mexican
41899,southern_us
36222,filipino
24468,cajun_creole
9876,japanese
33614,british
42279,russian
46846,thai
34711,vietnamese
39556,french
1064,cajun_creole
30080,italian
6076,italian
5670,greek
44525,indian
19743,indian
36205,indian
9030,mexican
39755,japanese
39434,japanese
37803,filipino
30053,spanish
11661,italian
17918,french
44237,italian
38536,french
47369,irish
6108,mexican
16807,indian
41329,southern_us
33582,korean
9570,mexican
47129,italian
14268,italian
8395,greek
38977,mexican
22716,irish
25753,southern_us
12018,mexican
31659,moroccan
21149,mexican
10328,indian
33585,italian
29192,italian
46733,mexican
12887,chinese
24354,french
39237,italian
19430,thai
39895,mexican
34566,italian
17889,korean
40652,mexican
31395,italian
35908,spanish
18341,mexican
17745,mexican
40560,mexican
25097,spanish
31430,greek
25484,indian
43668,french
2184,indian
12106,chinese
25747,indian
11423,italian
22403,indian
2880,korean
15445,italian
9825,mexican
31607,indian
9341,southern_us
2406,mexican
28466,mexican
8619,italian
16097,filipino
11652,mexican
16852,southern_us
29111,italian
33602,indian
35,mexican
47741,irish
39820,southern_us
25332,korean
5720,vietnamese
19634,southern_us
34851,chinese
14117,chinese
12195,british
33665,italian
46228,italian
15964,french
47502,chinese
41865,italian
46055,french
8863,mexican
48658,italian
42251,italian
33164,italian
24526,southern_us
39431,southern_us
3893,southern_us
34175,chinese
6727,indian
17230,mexican
24579,mexican
15873,southern_us
3703,southern_us
27030,mexican
9149,italian
16152,russian
49665,italian
27036,greek
8341,greek
30384,italian
32883,indian
29047,mexican
31964,southern_us
7011,greek
46301,southern_us
3495,mexican
11949,mexican
975,italian
15529,mexican
15372,mexican
5176,italian
13631,greek
42028,southern_us
4936,british
26471,cajun_creole
43833,filipino
47933,southern_us
38373,mexican
5780,filipino
46303,italian
27308,southern_us
10340,italian
48900,southern_us
876,southern_us
10446,southern_us
15082,mexican
31706,filipino
24885,british
34944,cajun_creole
7917,italian
5923,indian
44272,french
41074,french
381,italian
16053,italian
37470,southern_us
23027,cajun_creole
42078,french
13183,french
14828,italian
15394,mexican
46300,french
38963,mexican
679,french
34558,chinese
31528,cajun_creole
45629,southern_us
5034,mexican
35031,italian
13237,mexican
42339,southern_us
3911,italian
20409,british
24741,italian
18381,indian
7572,spanish
24226,italian
19945,mexican
31809,italian
17903,italian
48664,japanese
14122,greek
3175,indian
3403,brazilian
11062,southern_us
16629,mexican
11349,french
14353,mexican
25633,mexican
11424,italian
36024,thai
7151,mexican
12777,mexican
34289,southern_us
13904,italian
40792,british
11649,filipino
227,italian
10396,cajun_creole
6559,korean
14195,italian
21511,brazilian
431,vietnamese
5651,french
20754,filipino
24905,southern_us
16731,korean
9006,greek
43909,italian
28526,greek
31141,french
39787,southern_us
35320,mexican
25077,korean
2902,italian
34305,indian
6174,russian
24695,greek
12211,korean
13227,thai
728,moroccan
21635,moroccan
14011,southern_us
5861,italian
9976,italian
49218,korean
27684,mexican
11095,chinese
47314,greek
41901,moroccan
5859,southern_us
3947,thai
14030,moroccan
10056,italian
39408,greek
35283,italian
13994,brazilian
36302,british
16113,korean
47207,thai
36198,thai
21134,southern_us
49070,italian
8030,thai
31802,british
36511,brazilian
7785,greek
38965,italian
31453,french
43100,indian
32307,jamaican
45405,spanish
28532,chinese
16092,southern_us
29029,moroccan
5596,mexican
11369,moroccan
37436,mexican
2421,italian
22070,mexican
10600,mexican
11150,mexican
29257,italian
38540,southern_us
18998,mexican
39974,filipino
2159,southern_us
19679,vietnamese
44146,southern_us
36086,filipino
20676,moroccan
39779,japanese
33522,mexican
498,italian
45937,russian
41501,chinese
44156,japanese
5643,italian
35874,mexican
24413,mexican
47297,mexican
10073,indian
4798,mexican
7802,italian
3970,southern_us
24416,thai
13072,russian
29046,cajun_creole
12898,french
24957,indian
18725,chinese
46929,southern_us
23140,french
30516,chinese
34081,vietnamese
12927,italian
44088,japanese
20785,italian
16672,southern_us
5400,italian
30322,cajun_creole
17272,moroccan
9797,italian
14795,mexican
7619,italian
42124,french
23249,thai
44158,chinese
17462,southern_us
3580,italian
9896,mexican
29669,mexican
30625,japanese
7685,southern_us
7632,french
28349,korean
4510,thai
35383,brazilian
18569,italian
11379,italian
9434,italian
37774,southern_us
33651,mexican
47017,italian
31874,moroccan
26733,british
20962,thai
1467,italian
11173,indian
12949,french
11565,southern_us
29756,mexican
25577,cajun_creole
36779,chinese
10974,italian
42163,southern_us
15337,russian
23242,vietnamese
7952,brazilian
27424,mexican
3816,southern_us
27190,italian
43764,french
17714,chinese
30022,italian
33281,greek
43503,french
27385,thai
2396,vietnamese
25387,thai
1017,vietnamese
18852,chinese
14861,french
47487,italian
46015,japanese
12684,italian
12588,russian
33061,thai
38952,italian
20915,indian
34732,greek
48656,cajun_creole
38736,mexican
20374,chinese
18664,indian
15638,southern_us
10458,mexican
47980,cajun_creole
43084,southern_us
4534,southern_us
26269,italian
23498,vietnamese
5053,southern_us
5010,cajun_creole
49028,filipino
36714,chinese
21490,mexican
8448,korean
49408,japanese
28982,italian
20207,korean
37751,southern_us
42412,british
47466,southern_us
40672,chinese
47821,mexican
42090,british
10019,jamaican
45793,southern_us
32933,mexican
48283,british
19798,greek
41233,mexican
37147,italian
26516,chinese
4305,southern_us
30883,italian
31677,french
25378,southern_us
40122,chinese
20889,french
10994,chinese
29311,southern_us
46431,french
17648,thai
32111,japanese
15728,southern_us
16960,italian
23535,french
29667,mexican
31729,british
41910,italian
13996,french
21089,italian
32705,moroccan
42847,mexican
26201,mexican
26813,brazilian
32471,italian
44990,indian
17237,korean
39403,filipino
15652,mexican
14568,italian
44779,mexican
37888,thai
9529,italian
20700,southern_us
17741,mexican
17475,southern_us
12581,mexican
5996,cajun_creole
29042,chinese
987,southern_us
39819,italian
31679,filipino
1150,filipino
39167,mexican
43037,chinese
20071,southern_us
43815,french
31649,french
12218,thai
32836,chinese
18175,british
48197,irish
31474,vietnamese
46428,mexican
25246,mexican
2991,spanish
38216,italian
14978,southern_us
31085,japanese
34515,japanese
6026,indian
19132,italian
48775,french
29309,italian
4033,spanish
36462,moroccan
13235,chinese
17863,cajun_creole
25694,italian
24204,italian
14541,japanese
13993,vietnamese
8996,mexican
9943,southern_us
22707,irish
35292,french
46886,mexican
11566,italian
8272,british
30552,mexican
21033,southern_us
42971,italian
42275,mexican
44059,russian
44159,spanish
48500,italian
14617,chinese
7867,indian
13913,cajun_creole
40684,jamaican
49174,british
34772,british
16738,french
11353,thai
17429,chinese
6213,moroccan
26682,french
42067,italian
45944,southern_us
43318,irish
32084,indian
23806,italian
2721,southern_us
6479,french
48519,mexican
12560,southern_us
4171,vietnamese
14434,greek
21159,italian
44745,italian
12965,mexican
39978,indian
32514,japanese
1336,italian
48649,greek
21591,chinese
32813,italian
5818,chinese
39944,greek
33274,italian
13429,russian
9739,chinese
44031,jamaican
25007,russian
29143,moroccan
41309,southern_us
17675,thai
5570,french
12206,italian
33553,italian
30898,filipino
23937,french
11454,mexican
16091,greek
6058,mexican
18720,thai
42018,jamaican
3462,italian
19617,cajun_creole
18874,indian
6416,korean
15063,vietnamese
46292,filipino
38247,southern_us
36427,mexican
47417,southern_us
4768,mexican
11626,italian
21027,indian
22079,french
20527,chinese
27846,mexican
16236,mexican
46145,french
7761,vietnamese
34212,mexican
17180,thai
4546,moroccan
44474,italian
37886,thai
17842,southern_us
27282,jamaican
979,southern_us
6895,french
4150,french
32995,mexican
8444,chinese
13686,mexican
8918,italian
17569,indian
19313,indian
23833,mexican
4623,mexican
18164,french
45780,indian
17994,mexican
12268,indian
14368,thai
19242,indian
21658,spanish
32160,french
20931,southern_us
30800,french
33829,thai
29674,japanese
36367,chinese
40547,southern_us
39583,southern_us
18638,cajun_creole
10010,mexican
7084,italian
30421,italian
24243,brazilian
38417,italian
5183,jamaican
4522,southern_us
29727,italian
47928,southern_us
11211,southern_us
10117,mexican
26611,mexican
21852,thai
41769,italian
16342,mexican
13694,mexican
1173,thai
12257,thai
27392,brazilian
20360,chinese
16090,korean
31245,chinese
23411,mexican
46268,italian
45488,filipino
39708,filipino
25281,italian
9057,mexican
24917,french
49532,filipino
5491,italian
33378,italian
23340,italian
13456,cajun_creole
31952,indian
39823,mexican
445,italian
28523,southern_us
32201,vietnamese
5612,jamaican
44099,italian
7608,italian
30971,spanish
38223,mexican
43482,greek
36483,filipino
9875,southern_us
18378,chinese
9583,french
13947,vietnamese
8681,mexican
46374,indian
47034,southern_us
45643,cajun_creole
5551,indian
23694,italian
32724,japanese
48999,cajun_creole
5952,mexican
36593,southern_us
48894,french
27066,mexican
9343,italian
35625,indian
22159,italian
39883,mexican
20939,spanish
21471,southern_us
2208,british
38731,italian
10206,indian
425,cajun_creole
11081,chinese
48333,vietnamese
46536,italian
25686,southern_us
41323,irish
30523,french
29731,italian
23018,cajun_creole
43425,thai
43325,mexican
24159,spanish
2121,chinese
15876,cajun_creole
11191,indian
4338,mexican
4072,southern_us
29363,french
29278,japanese
4276,italian
47413,french
16670,cajun_creole
31767,greek
37741,vietnamese
45568,greek
13871,southern_us
15015,indian
1536,thai
1466,chinese
10405,mexican
15963,italian
45075,italian
2588,mexican
17070,italian
14012,chinese
44422,italian
14609,southern_us
46913,mexican
5710,french
16086,french
48335,southern_us
41667,italian
20551,french
29812,french
32212,filipino
18,spanish
14823,japanese
30464,chinese
31748,italian
8081,mexican
2484,greek
41751,mexican
25020,italian
6889,mexican
37348,southern_us
27337,british
21625,southern_us
43407,moroccan
737,southern_us
42668,french
36758,southern_us
3528,southern_us
40542,chinese
8277,vietnamese
22826,indian
16937,irish
8216,southern_us
10738,brazilian
11932,korean
21240,italian
14296,filipino
24128,italian
44718,southern_us
40317,southern_us
22385,italian
16417,southern_us
19098,british
36846,mexican
10401,chinese
10602,southern_us
16051,italian
25205,french
45464,italian
8956,italian
23386,french
7691,mexican
21774,mexican
49705,indian
34095,italian
40336,italian
44728,southern_us
10843,russian
21666,italian
44202,italian
17673,greek
34724,southern_us
32367,french
14479,japanese
46203,southern_us
7485,southern_us
24792,japanese
37601,french
11749,thai
40459,vietnamese
6034,italian
46184,southern_us
8659,chinese
28264,cajun_creole
40788,chinese
25901,mexican
6880,southern_us
26443,mexican
27597,irish
4679,italian
27054,mexican
33316,greek
28346,mexican
46206,indian
9856,southern_us
36740,thai
38157,indian
11701,japanese
43877,italian
21737,chinese
17489,spanish
5182,italian
47765,mexican
36916,vietnamese
21953,italian
44316,mexican
37928,thai
23423,mexican
26636,italian
27428,italian
29136,italian
45677,korean
35525,mexican
28707,cajun_creole
4234,filipino
45606,mexican
6646,mexican
1733,chinese
31169,southern_us
45279,indian
14269,irish
26266,chinese
15973,italian
15279,moroccan
33120,french
26073,indian
25767,mexican
12044,irish
822,italian
13536,italian
1978,irish
3895,greek
8427,spanish
16946,italian
9005,chinese
42707,french
17931,mexican
2110,italian
21611,japanese
48079,korean
22441,french
43783,italian
49514,british
26278,indian
39096,indian
36782,southern_us
31016,italian
41700,southern_us
8046,spanish
14017,moroccan
48126,southern_us
48972,italian
21200,indian
37825,italian
24835,mexican
38205,filipino
48460,italian
29019,filipino
18799,russian
23742,italian
30089,indian
1400,cajun_creole
7025,russian
19873,japanese
29374,mexican
45577,italian
46375,southern_us
28377,vietnamese
39019,chinese
16754,mexican
28648,cajun_creole
32006,southern_us
49138,chinese
14159,southern_us
33747,french
49510,mexican
2118,filipino
14463,thai
12299,indian
16115,french
30854,italian
41412,southern_us
36655,korean
31595,chinese
8225,greek
47650,brazilian
40681,mexican
43979,indian
7934,thai
45199,italian
6851,vietnamese
4006,russian
610,vietnamese
18142,brazilian
34363,italian
30475,southern_us
35246,mexican
29020,southern_us
27993,indian
24921,southern_us
22164,brazilian
725,southern_us
34349,italian
48655,chinese
46658,french
28212,southern_us
27714,japanese
6049,moroccan
19836,filipino
33934,italian
1338,indian
21498,russian
27005,italian
40168,korean
4877,irish
15415,thai
5545,japanese
20433,thai
11634,russian
25492,indian
21017,mexican
22311,french
17808,indian
30869,british
11794,southern_us
26414,italian
1450,korean
17605,indian
19789,chinese
25287,indian
526,mexican
6426,italian
838,thai
38921,chinese
43956,brazilian
16406,korean
33285,italian
45131,filipino
44192,indian
36629,greek
23975,filipino
46511,italian
45907,mexican
22734,southern_us
43589,greek
30287,italian
23900,italian
11928,mexican
16529,italian
25626,moroccan
12962,mexican
19959,korean
18195,cajun_creole
37128,british
25730,russian
40554,southern_us
34484,cajun_creole
17596,mexican
47805,spanish
8438,french
31594,french
2308,italian
40522,southern_us
42693,korean
48848,mexican
44560,cajun_creole
7700,southern_us
43908,cajun_creole
3930,southern_us
20940,southern_us
12360,italian
23094,russian
20327,spanish
34630,italian
41264,mexican
25085,japanese
48479,chinese
31715,mexican
29569,indian
39317,french
15719,mexican
4162,mexican
15001,chinese
12123,indian
42748,thai
41905,french
4484,italian
30867,french
17319,indian
13081,mexican
11899,mexican
13374,italian
27495,japanese
18138,italian
14851,indian
16111,french
23947,southern_us
5970,japanese
16594,southern_us
5820,british
28254,cajun_creole
10280,korean
45113,mexican
26103,mexican
14985,italian
35731,italian
30031,southern_us
27627,spanish
43874,mexican
14497,italian
45524,indian
42287,indian
5922,korean
25698,italian
19355,southern_us
24250,chinese
11355,korean
40719,filipino
17155,italian
4387,mexican
21848,vietnamese
45934,mexican
14669,brazilian
7153,chinese
19848,moroccan
7324,mexican
11419,italian
42599,indian
30771,indian
28371,mexican
33112,southern_us
49146,italian
40340,spanish
10502,italian
47056,irish
41269,indian
3350,thai
23684,thai
20727,italian
23099,italian
49125,italian
24362,indian
44077,mexican
22428,brazilian
34271,mexican
24892,mexican
28073,southern_us
37462,italian
12,southern_us
49513,spanish
43115,italian
44461,british
41691,mexican
24331,french
34010,southern_us
33379,french
22653,italian
18136,italian
47396,indian
373,indian
28717,cajun_creole
41036,indian
23119,italian
22546,mexican
29176,indian
36192,french
41978,italian
16397,indian
22951,french
35400,greek
18095,spanish
12517,southern_us
37493,french
3927,southern_us
1147,italian
1370,italian
18935,mexican
10993,thai
4693,mexican
10439,french
17130,mexican
1815,italian
871,mexican
18587,southern_us
34251,italian
12739,chinese
36588,irish
18833,chinese
47216,mexican
9988,mexican
31994,filipino
47730,thai
23665,french
36099,southern_us
20308,french
36430,british
19185,thai
12413,chinese
35605,korean
20708,chinese
19801,cajun_creole
32603,italian
22243,greek
7244,french
37724,southern_us
22988,mexican
41278,cajun_creole
2244,mexican
5,mexican
32270,french
7837,thai
28188,brazilian
41484,greek
4767,mexican
13508,mexican
6806,filipino
26307,thai
33387,jamaican
9764,spanish
4815,mexican
42662,chinese
41477,mexican
6417,mexican
22285,mexican
49476,italian
26084,chinese
44742,filipino
19022,mexican
32578,italian
10514,italian
13815,italian
19472,italian
7373,indian
23280,italian
11559,chinese
12765,japanese
40511,mexican
40858,cajun_creole
24236,southern_us
16187,chinese
42423,italian
32296,chinese
44908,italian
2833,filipino
25142,southern_us
7268,italian
5582,southern_us
25289,mexican
2838,indian
10185,mexican
45665,italian
38764,southern_us
33129,italian
18427,cajun_creole
15256,korean
6477,indian
30986,mexican
25978,cajun_creole
5957,korean
40329,filipino
11071,italian
48793,italian
5115,indian
40723,mexican
41245,chinese
6240,moroccan
4699,mexican
13769,italian
33336,thai
4811,chinese
18127,mexican
42772,italian
45102,greek
26926,mexican
47055,chinese
15650,italian
26966,southern_us
45230,british
44400,vietnamese
26203,indian
21311,italian
11945,french
25732,irish
39567,british
25575,chinese
7211,french
13410,mexican
173,chinese
11563,chinese
38716,chinese
32625,italian
22638,vietnamese
23818,italian
8596,filipino
27471,indian
28233,japanese
47682,indian
20385,italian
12567,indian
43903,mexican
4925,french
7818,chinese
35051,southern_us
4586,moroccan
20743,mexican
16369,korean
13883,mexican
38849,thai
26017,italian
24719,italian
15767,greek
30007,italian
34297,cajun_creole
30597,italian
25578,italian
41719,southern_us
23913,russian
11153,mexican
39196,russian
7338,mexican
21090,southern_us
25451,italian
5482,italian
23031,italian
15926,greek
28527,british
40828,southern_us
42196,italian
39387,french
28870,indian
15503,italian
36678,italian
38576,chinese
16192,chinese
25622,italian
12687,southern_us
48280,italian
47405,british
15140,southern_us
20579,brazilian
30880,french
39040,indian
17487,cajun_creole
3762,mexican
20910,mexican
19072,mexican
39412,brazilian
28679,indian
7314,korean
34143,moroccan
5594,french
24503,southern_us
28432,japanese
21054,mexican
11965,chinese
30692,vietnamese
9901,french
37008,italian
25505,french
10740,southern_us
21791,vietnamese
5539,chinese
19680,italian
24129,vietnamese
8351,mexican
12701,italian
12042,chinese
26441,indian
21399,chinese
43615,southern_us
12283,mexican
32715,southern_us
24499,british
9035,chinese
22563,southern_us
28467,southern_us
41765,british
38064,chinese
31087,french
23005,mexican
25806,greek
37930,greek
10879,japanese
40080,southern_us
11216,italian
42099,french
27377,italian
4453,mexican
9001,southern_us
27383,greek
18472,vietnamese
22313,southern_us
31709,thai
38931,italian
5261,southern_us
17530,japanese
19071,italian
42108,italian
7099,filipino
10678,mexican
226,spanish
16283,mexican
42538,italian
7991,indian
6127,southern_us
16011,southern_us
5664,vietnamese